,City,Cloudiness,Country,Date,Humidity,Lat,Lng,Max Temp,Wind Speed
0,tuktoyaktuk,100,CA,1604736724,95,69.45,-133.04,14.07,10.67
1,leningradskiy,100,RU,1604736745,97,69.38,178.42,25.09,18.86
2,albany,2,US,1604736603,64,42.6,-73.97,51.01,4.16
3,qaanaaq,0,GL,1604736740,76,77.48,-69.36,-9.02,6.53
4,latung,100,PH,1604737080,80,5.5,120.88,82.92,15.68
5,mar del plata,95,AR,1604736740,100,-38,-57.56,61,6.93
6,avarua,44,CK,1604736657,94,-21.21,-159.78,69.8,1.12
7,la paz,40,BO,1604737045,86,-16.5,-68.15,30.2,2.24
8,broome,1,US,1604737080,57,42.25,-75.83,51.8,8.05
9,bambous virieux,40,MU,1604736742,65,-20.34,57.76,79,13.87
10,bethel,1,US,1604736718,93,41.37,-73.41,51.01,4.14
11,lompoc,90,US,1604736532,87,34.64,-120.46,51.8,7.81
12,necochea,30,AR,1604736736,90,-38.55,-58.74,51.01,5.01
13,luderitz,0,NA,1604736749,56,-26.65,15.16,66.72,7.31
14,hobart,75,AU,1604736446,54,-42.88,147.33,55,16.11
15,flinders,23,AU,1604737015,66,-34.58,150.86,60.01,16.24
16,hasaki,75,JP,1604736758,82,35.73,140.83,66.99,4.7
18,sasovo,100,RU,1604737081,91,54.35,41.92,39.43,11.27
19,esperance,75,AU,1604736732,72,-33.87,121.9,64.4,17.22
20,sur,28,OM,1604736806,54,22.57,59.53,85.03,10.92
21,atuona,9,PF,1604736721,78,-9.8,-139.03,77.92,20.45
22,vaini,20,TO,1604736725,83,-21.2,-175.2,71.6,4.7
23,pudem,99,RU,1604737082,87,58.3,52.17,36.3,4.99
24,bansang,0,GM,1604737082,88,13.43,-14.65,78.8,5.61
26,labuhan,0,ID,1604736746,65,-6.88,112.21,86.67,9.4
27,moen,75,NO,1604737082,80,69.13,18.61,39.2,11.41
29,pueblo,1,US,1604737083,27,38.25,-104.61,62.6,5.86
30,barrow,90,US,1604736505,80,71.29,-156.79,33.8,18.34
31,abaete,81,BR,1604737015,71,-19.16,-45.45,71.96,2.77
32,cidreira,2,BR,1604736719,84,-30.18,-50.21,66.7,16.67
33,talnakh,40,RU,1604736748,85,69.49,88.4,10.4,15.66
34,east london,20,ZA,1604736766,68,-33.02,27.91,71.6,10.29
35,mataura,100,NZ,1604736719,95,-46.19,168.86,42.49,5.5
36,rikitea,74,PF,1604736535,67,-23.12,-134.97,71.58,16.89
38,puerto ayora,62,EC,1604736724,77,-0.74,-90.35,68,7
39,ushuaia,75,AR,1604736717,81,-54.8,-68.3,44.6,16.11
40,qandala,20,SO,1604737084,41,11.47,49.87,83.37,8.46
41,hermanus,0,ZA,1604736726,49,-34.42,19.23,70,8.99
42,punta arenas,75,CL,1604736586,61,-53.15,-70.92,48.2,11.41
43,thompson,90,CA,1604736722,92,55.74,-97.86,14,4.7
44,arraial do cabo,0,BR,1604736753,75,-22.97,-42.03,69.55,4.07
45,saint george,1,US,1604736723,35,37.1,-113.58,69.8,11.41
46,airai,40,TL,1604736736,45,-8.93,125.41,75.11,6.6
47,severo-kurilsk,65,RU,1604736775,83,50.68,156.12,35.29,6.02
48,busselton,1,AU,1604736636,30,-33.65,115.33,81,12.59
49,upernavik,0,GL,1604736727,80,72.79,-56.15,-3.59,14.72
50,rosarito,90,MX,1604737085,76,32.33,-117.03,60.01,9.17
51,okhotsk,100,RU,1604737085,91,59.38,143.3,13.69,12.3
52,alyangula,36,AU,1604737085,56,-13.85,136.42,93.2,10.29
54,tarakan,61,ID,1604737085,73,3.3,117.63,83.41,7.09
56,saint-paul,75,RE,1604737086,51,-21.01,55.27,82.4,23.04
57,samarai,29,PG,1604736790,82,-10.62,150.67,81.7,15.01
58,puerto narino,0,CO,1604737086,100,-3.77,-70.38,77,0.83
59,ostrovnoy,100,RU,1604736773,83,68.05,39.51,36.37,20.22
60,provideniya,95,RU,1604736721,90,64.38,-173.3,32.88,26.17
61,asind,0,IN,1604737086,14,25.73,74.33,84.69,3.87
62,mahebourg,40,MU,1604736734,65,-20.41,57.7,78.8,13.87
63,okha,94,RU,1604737086,90,53.57,142.95,28.02,10.56
64,nikolskoye,0,RU,1604736756,81,59.7,30.79,48.2,8.95
65,saint-philippe,90,RE,1604736736,57,-21.36,55.77,80.6,14.99
68,dolores,93,AR,1604737087,96,-36.31,-57.68,58.55,3.27
69,nuuk,100,GL,1604737087,92,64.18,-51.72,23,6.93
70,constitucion,0,CL,1604737087,75,-35.33,-72.42,53.82,6.91
71,westport,1,US,1604737087,87,41.14,-73.36,52,6.04
72,cherskiy,90,RU,1604736763,95,68.75,161.3,5.63,7.72
73,rabo de peixe,75,PT,1604736724,67,37.8,-25.58,59,13.87
74,new norfolk,83,AU,1604736721,48,-42.78,147.06,55,5.01
75,dunedin,100,NZ,1604737088,84,-45.87,170.5,48.99,10.47
76,alushta,100,UA,1604737088,62,44.67,34.42,51.93,7.23
77,mangai,81,CD,1604737088,62,-4.05,19.53,83.52,2.17
78,kjollefjord,80,NO,1604737088,71,70.95,27.35,39.99,23.17
79,cape town,75,ZA,1604736509,72,-33.93,18.42,69.01,21.92
80,nidda,0,DE,1604737088,68,50.42,9,43,1.99
81,bluff,100,NZ,1604736732,73,-46.6,168.33,45.81,4.99
82,jamestown,1,US,1604736724,62,42.1,-79.24,53.6,8.05
83,vila velha,75,BR,1604736752,88,-20.33,-40.29,71.6,5.82
84,tiksi,69,RU,1604736730,92,71.69,128.87,-6.68,3.02
85,bredasdorp,0,ZA,1604736727,43,-34.53,20.04,71.6,14.99
86,yellowknife,90,CA,1604736578,92,62.46,-114.35,9,2.24
87,urdoma,98,RU,1604737089,95,61.75,48.54,34.39,4.94
88,leh,0,IN,1604737089,48,34.17,77.58,37.54,2.01
89,hithadhoo,85,MV,1604736753,67,-0.6,73.08,84.04,4.52
90,port elizabeth,0,ZA,1604736719,60,-33.92,25.57,69.8,9.17
92,san-pedro,94,CI,1604737090,88,4.75,-6.64,78.71,3.42
93,hit,0,IQ,1604737090,36,33.64,42.83,75.54,6.31
94,yulara,40,AU,1604736726,10,-25.24,130.99,93.2,3.36
95,kirando,0,TZ,1604737090,44,-7.42,30.6,85.8,8.59
97,victoria,54,HK,1604736648,48,22.29,114.16,84,11.01
98,hualmay,41,PE,1604736764,86,-11.1,-77.61,59.14,4.63
99,ilinskaya,100,RU,1604737091,74,45.72,40.72,48,13.62
100,leirvik,100,NO,1604737091,99,59.78,5.5,46.99,1.01
101,kharan,0,PK,1604737091,13,28.58,65.42,83.12,3.89
102,shimoda,75,JP,1604736749,88,34.67,138.95,68,12.75
103,katakwi,48,UG,1604737091,57,1.89,33.97,80.58,1.95
104,dingle,100,PH,1604736743,95,11,122.67,74.28,5.7
105,opuwo,6,NA,1604737092,13,-18.06,13.84,85.98,6.87
106,bom jesus,74,BR,1604737092,95,-9.07,-44.36,68.77,2.17
107,torbat-e jam,100,IR,1604737092,13,35.24,60.62,79.18,13.24
108,buta,100,CD,1604737092,84,2.79,24.73,76.68,3.62
109,pampa,1,US,1604737092,87,35.54,-100.96,55.4,16.11
110,khatanga,0,RU,1604736735,88,71.97,102.5,-5.33,8.46
111,tahta,0,EG,1604737092,46,26.77,31.5,73.4,5.82
112,praia,75,CV,1604736881,83,14.92,-23.51,77,9.17
113,hilo,75,US,1604736611,88,19.73,-155.09,73.4,4.7
114,champerico,99,GT,1604737093,97,14.3,-91.92,69.01,7.38
115,lebu,2,CL,1604736722,83,-37.62,-73.65,50.49,17.56
116,los llanos de aridane,20,ES,1604736728,59,28.66,-17.92,64.4,9.17
117,iquique,90,CL,1604737093,67,-20.22,-70.14,62.6,2.24
118,syracuse,20,IT,1604737093,100,37.09,15.28,68,4.7
119,cabo san lucas,0,MX,1604736602,89,22.89,-109.91,73,1.01
120,murray bridge,0,AU,1604737093,69,-35.12,139.27,60.01,3
121,channel-port aux basques,100,CA,1604737093,87,47.57,-59.14,49.08,21.74
122,hobyo,40,SO,1604736750,68,5.35,48.53,82.83,14.07
123,komsomolskiy,1,UZ,1604737094,18,40.43,71.72,62.6,4.7
124,port hardy,75,CA,1604736904,72,50.7,-127.42,42.8,11.41
125,ribeira grande,40,PT,1604736731,67,38.52,-28.7,59,23.04
126,sorkjosen,100,NO,1604737094,86,69.8,20.93,36.27,8.08
127,naze,40,JP,1604736718,78,28.37,129.48,82.4,3.36
128,stokmarknes,75,NO,1604737094,80,68.56,14.91,41,12.75
129,puerto quijarro,0,BO,1604737094,37,-17.78,-57.77,73.53,2.64
130,saldanha,2,ZA,1604736729,72,-33.01,17.94,62.6,12.75
131,vagur,100,FO,1604737095,63,61.47,-6.81,45.32,9.35
132,benguela,75,AO,1604737095,74,-12.58,13.41,78.8,6.55
133,faya,20,SA,1604736766,45,18.39,42.45,73.4,5.82
134,shimanovsk,100,RU,1604737095,98,52,127.7,26.02,3.65
135,te anau,100,NZ,1604736767,86,-45.42,167.72,43.39,6.4
136,torbay,90,CA,1604736540,93,47.67,-52.73,55,20.8
137,chuy,34,UY,1604736757,95,-33.7,-53.46,59.11,6.42
138,mamaku,60,NZ,1604737095,99,-38.1,176.08,63,6.82
139,turkistan,100,KZ,1604737096,18,43,68,68.7,7.67
140,chicama,94,PE,1604736801,86,-7.84,-79.15,59.22,2.71
141,turayf,0,SA,1604737096,63,31.67,38.66,64.4,13.87
142,kodiak,1,US,1604736718,92,57.79,-152.41,28.4,3.36
143,norman wells,90,CA,1604736686,92,65.28,-126.83,12.2,3.31
144,sabzevar,0,IR,1604737096,18,36.21,57.68,69.8,5.84
145,palasa,3,IN,1604736856,61,18.77,84.42,83.46,9.31
146,nanortalik,100,GL,1604736737,88,60.14,-45.24,34.12,16.35
147,santa maria,27,BR,1604737097,94,-29.68,-53.81,57.92,7.38
149,kaitangata,100,NZ,1604737097,84,-46.28,169.85,46.99,4
150,camapua,0,BR,1604737097,38,-19.53,-54.04,74.01,6.8
153,beloha,0,MG,1604736735,17,-25.17,45.05,101.66,1.99
154,vila franca do campo,75,PT,1604736725,67,37.72,-25.43,59,13.87
155,isangel,1,VU,1604737098,80,-19.55,169.27,78.96,4.76
156,cherrapunji,20,IN,1604737098,78,25.3,91.7,78.8,2.24
157,namibe,40,AO,1604737098,83,-15.2,12.15,69.8,12.75
158,souillac,40,MU,1604736736,65,-20.52,57.52,78.8,13.87
159,northam,96,GB,1604737098,92,51.03,-4.22,55.99,1.99
160,sorland,75,NO,1604736757,70,67.67,12.69,42.8,18.34
161,dikson,70,RU,1604736726,88,73.51,80.55,0.21,7.4
162,zhigansk,85,RU,1604736731,89,66.77,123.37,-13.74,5.03
163,krasnoselkup,100,RU,1604737099,97,65.7,82.47,32.63,11.41
164,egvekinot,100,RU,1604736795,99,66.32,-179.17,24.03,3.09
166,hofn,0,IS,1604736729,75,64.25,-15.21,35.89,5.59
167,port alfred,93,ZA,1604736718,58,-33.59,26.89,73.36,9.13
168,sisimiut,100,GL,1604737100,83,66.94,-53.67,14.2,7.18
169,sangar,95,RU,1604736767,91,63.92,127.47,-8.27,5.19
170,matara,93,LK,1604736641,62,5.95,80.54,88.36,10.76
171,tuatapere,100,NZ,1604736804,90,-46.13,167.68,42.22,2.17
172,berlevag,94,NO,1604737100,74,70.86,29.09,39.42,24.02
173,arapiraca,26,BR,1604737100,96,-9.75,-36.66,70.84,7.18
174,narsaq,100,GL,1604736723,86,60.92,-46.05,30.2,11.41
175,tilichiki,0,RU,1604737100,94,60.47,166.1,24.85,4.99
177,beidao,2,CN,1604737101,29,34.57,105.89,61.45,1.9
178,la asuncion,7,VE,1604737101,100,11.03,-63.86,69.8,11.41
179,mehran,90,IR,1604737101,51,33.12,46.16,62.6,6.93
181,vostok,39,RU,1604736734,100,46.49,135.88,28.08,4.92
182,canete,3,CL,1604737101,73,-37.8,-73.4,48.58,5.12
183,khuzhir,8,RU,1604737102,79,53.19,107.34,22.8,5.32
184,tasiilaq,100,GL,1604736718,86,65.61,-37.64,28.4,24.16
185,cockburn town,100,TC,1604737102,82,21.46,-71.14,79.75,20.45
186,samfya,7,ZM,1604737102,21,-11.36,29.56,87.15,7.09
187,chokurdakh,100,RU,1604736723,95,70.63,147.92,3.42,8.79
188,great falls,90,US,1604737037,86,47.5,-111.3,39.2,5.32
189,hajiganj,0,BD,1604737103,46,23.25,90.86,82.78,5.21
190,vanimo,95,PG,1604736792,76,-2.67,141.3,83.34,9.51
191,axim,43,GH,1604736782,82,4.87,-2.24,81.16,7.67
192,fomboni,24,KM,1604737103,69,-12.28,43.74,80.47,4.05
194,gat,18,IL,1604736843,67,31.61,34.76,73.99,5.12
195,aklavik,64,CA,1604736797,73,68.22,-135.01,19.4,2.24
196,port pirie,0,AU,1604737103,49,-33.18,138.02,69.8,13.87
197,kapaa,75,US,1604736723,78,22.08,-159.32,78.8,14.99
198,butaritari,39,KI,1604736719,76,3.07,172.79,81.21,13.09
199,quelimane,0,MZ,1604737104,32,-17.88,36.89,98.6,12.75
200,mehamn,82,NO,1604736725,73,71.04,27.85,39.42,22.08
202,huilong,0,CN,1604737104,53,31.81,121.66,73.99,2.59
203,tay ninh,65,VN,1604737104,64,11.3,106.1,88.12,5.41
204,geraldton,0,AU,1604736729,57,-28.77,114.6,77,14.99
206,araguaina,98,BR,1604737105,94,-7.19,-48.21,70.25,4.68
208,oranjemund,3,NA,1604736721,69,-28.55,16.43,65.84,7.63
209,staryy nadym,100,RU,1604737105,99,65.61,72.68,33.33,7.36
210,longyearbyen,75,SJ,1604736729,80,78.22,15.64,33.8,14.99
211,mogadishu,75,SO,1604736819,66,2.04,45.34,84.2,6.93
212,tucuman,0,AR,1604737072,59,-26.82,-65.22,62.6,4.7
213,nogliki,87,RU,1604737105,84,51.83,143.17,28.06,7.85
214,palmer,1,US,1604736733,100,42.16,-72.33,55,3.36
215,lata,25,PT,1604737106,92,40.16,-8.33,57,1.01
216,viking,87,CA,1604737106,92,53.1,-111.77,28.4,11.41
217,hamilton,1,US,1604736769,93,39.18,-84.53,51.8,2.3
218,bonavista,100,CA,1604737106,93,48.65,-53.11,51.01,12.75
219,georgetown,40,MY,1604736665,78,5.41,100.34,89.6,3.36
220,tocopilla,3,CL,1604737106,60,-22.09,-70.2,60.4,2.46
221,quirinopolis,0,BR,1604737107,44,-18.45,-50.45,70.21,5.08
222,bulgan,0,MN,1604737107,75,48.81,103.53,32.9,1.16
223,straumen,75,NO,1604737107,93,63.87,11.3,48.2,18.34
224,saskylakh,97,RU,1604736733,91,71.92,114.08,-5.28,3.49
225,taltal,94,CL,1604736790,79,-25.4,-70.48,58.68,4.34
226,ancud,100,CL,1604736746,81,-41.87,-73.82,46,11.41
227,kihei,20,US,1604737107,74,20.79,-156.47,78.8,16.11
228,tarimoro,5,MX,1604737107,93,20.28,-100.75,48.2,4.52
230,svetlogorsk,96,BY,1604737108,82,52.63,29.73,49.55,11.83
231,ketchikan,75,US,1604736720,93,55.34,-131.65,37.4,9.17
232,comodoro rivadavia,0,AR,1604736738,66,-45.87,-67.5,53.6,2.24
234,itarema,83,BR,1604737108,76,-2.92,-39.92,80.22,13.42
235,pangnirtung,98,CA,1604736746,90,66.15,-65.71,8.26,2.28
236,kayanza,59,BI,1604737108,78,-3.07,29.67,68.9,4.27
237,bengkulu,100,ID,1604736738,82,-3.8,102.27,82.17,4.25
238,lovozero,10,RU,1604736723,92,68,35.01,32.83,11.99
239,bukama,64,CD,1604737109,44,-9.2,25.85,94.98,0.83
240,pasighat,0,IN,1604737109,43,28.07,95.33,80.74,2.98
241,pevek,100,RU,1604736752,96,69.7,170.31,18.64,4.07
242,salekhard,92,RU,1604737109,98,66.53,66.6,25.07,2.42
243,kerouane,40,GN,1604737109,72,9.27,-9.02,75.65,2.17
244,nyurba,98,RU,1604737109,92,63.28,118.33,-0.72,4.92
245,maues,100,BR,1604737109,94,-3.38,-57.72,73.09,2.91
246,concepcion,0,CL,1604737000,93,-36.83,-73.05,50,8.05
247,tekeli,0,KZ,1604737110,26,44.83,78.82,58.12,4
248,yar-sale,90,RU,1604736801,99,66.83,70.83,26.47,6.76
249,tabuk,100,PH,1604737110,76,17.42,121.44,82.74,3.09
250,grenaa,78,DK,1604737110,93,56.42,10.88,51.8,2.24
251,antofagasta,90,CL,1604736721,72,-23.65,-70.4,60.8,10.29
252,saint-augustin,100,CA,1604736805,93,51.23,-58.65,44.24,15.93
253,mega,68,ET,1604737110,70,4.05,38.3,69.22,11.9
254,vestmannaeyjar,100,IS,1604737111,74,63.44,-20.27,43.86,18.48
255,demyansk,0,RU,1604737111,79,57.64,32.47,48.04,9.98
256,lichinga,20,MZ,1604736732,57,-13.31,35.24,75.2,16.11
257,matagami,90,CA,1604736805,92,49.75,-77.63,30.2,4.7
258,tabou,77,CI,1604737111,86,4.42,-7.35,78.91,3.13
259,anadyr,75,RU,1604736780,86,64.75,177.48,26.6,13.42
260,faanui,2,PF,1604736726,79,-16.48,-151.75,79.11,14.03
261,monrovia,75,LR,1604737111,94,6.3,-10.8,77,8.05
262,pacific grove,90,US,1604736727,87,36.62,-121.92,53.01,4.7
263,slave lake,90,CA,1604737112,85,55.28,-114.77,19.4,4.7
264,witu,100,KE,1604737112,54,-2.39,40.44,87.67,10.8
265,grand gaube,3,MU,1604736727,60,-20.01,57.66,79,13
266,kuragino,100,RU,1604737112,96,53.9,92.67,36.1,4.54
267,kavieng,52,PG,1604736724,66,-2.57,150.8,83.73,10.78
268,alappuzha,0,IN,1604737112,66,9.49,76.33,85.87,8.21
270,flin flon,19,CA,1604737112,96,54.77,-101.86,13.37,3.47
271,mtambile,36,TZ,1604737113,65,-5.38,39.7,83.28,6.38
272,purranque,77,CL,1604737113,81,-40.92,-73.17,48.2,4.7
274,tabas,0,IR,1604737113,13,33.6,56.92,81.27,8.59
275,fort nelson,40,CA,1604736730,84,58.81,-122.7,5,3.36
277,kysyl-syr,100,RU,1604737113,90,63.9,122.76,-5.87,4.47
278,buraydah,40,SA,1604737113,28,26.33,43.98,80.6,13.87
279,wanning,12,CN,1604737114,70,18.8,110.4,80.78,13.69
280,governador dix-sept rosado,0,BR,1604737114,78,-5.46,-37.52,75.83,8.16
281,tromso,75,NO,1604737114,86,69.65,18.96,37.4,6.93
282,santo amaro da imperatriz,20,BR,1604737114,88,-27.69,-48.78,70,6.93
283,oliveira dos brejinhos,100,BR,1604737114,95,-12.32,-42.9,67.19,4.16
284,seoul,1,KR,1604736973,36,37.57,126.98,64.4,11.74
285,ilulissat,100,GL,1604736725,43,69.22,-51.1,15.8,11.41
287,bandarbeyla,0,SO,1604737115,64,9.49,50.81,79.77,9.8
288,miguel alves,93,BR,1604737115,89,-4.17,-42.9,74.08,1.05
289,atar,100,MR,1604736742,21,20.52,-13.05,81.93,8.9
290,dhidhdhoo,100,MV,1604737115,67,6.88,73.1,84.45,7.07
291,inverell,77,AU,1604737115,33,-29.78,151.12,66.99,4.61
292,bathsheba,20,BB,1604736787,83,13.22,-59.52,80.6,17.22
293,ewing,1,US,1604737115,87,40.27,-74.8,50,3.76
294,rawson,64,AR,1604736763,75,-43.3,-65.1,50.65,11.43
295,la ronge,1,CA,1604736742,85,55.1,-105.28,14,4.7
296,shelburne,1,CA,1604737116,71,44.08,-80.2,55.99,8.05
297,san julian,74,MX,1604737116,61,21.02,-102.17,47.88,5.08
298,salina,1,US,1604737116,82,38.84,-97.61,61,19.46
299,surt,1,LY,1604737116,66,31.21,16.59,71.11,17.13
300,grindavik,90,IS,1604736755,93,63.84,-22.43,39.2,14.99
302,port lincoln,0,AU,1604736803,68,-34.73,135.87,60.71,16.49
303,waipawa,98,NZ,1604736529,93,-41.41,175.52,62.6,12.75
304,marsabit,93,KE,1604737117,97,2.33,37.99,63.93,13.91
305,bhola,0,BD,1604737117,49,22.68,90.65,80.38,6.96
306,ponta do sol,20,PT,1604736725,67,32.67,-17.1,62.6,4.7
307,tarata,70,BO,1604737117,66,-17.62,-66.02,53.6,3.36
308,hay river,100,CA,1604736802,84,60.82,-115.8,-0.4,4.7
309,lorengau,32,PG,1604736797,77,-2.02,147.27,83.1,8.9
310,diamantino,100,BR,1604737118,60,-14.41,-56.45,74.5,5.75
311,sao joao da barra,66,BR,1604736774,84,-21.64,-41.05,68.7,6.91
313,kruisfontein,79,ZA,1604736750,63,-34,24.73,73.99,3
314,launceston,90,AU,1604737118,41,-41.45,147.17,60.01,8.05
315,huangnihe,0,CN,1604737118,71,43.56,128.02,36.91,5.66
316,san quintin,100,MX,1604736788,77,30.48,-115.95,64.47,8.46
317,aasiaat,100,GL,1604737119,82,68.71,-52.87,9.41,9.75
318,husavik,75,IS,1604737119,51,66.04,-17.34,39.2,11.41
319,conceicao do araguaia,100,BR,1604737119,95,-8.26,-49.26,71.49,3
320,mut,0,TR,1604737119,40,36.64,33.44,61.32,13.69
322,gazli,100,UZ,1604737120,14,40.13,63.45,78.69,18.43
323,saint-denis,68,FR,1604737120,100,48.92,2.33,48.2,3.36
324,bahia honda,100,CU,1604737120,86,22.9,-83.16,75.47,11.83
325,baghdad,48,IQ,1604736957,60,33.34,44.4,71.6,8.05
326,bhitarwar,0,IN,1604737120,15,25.8,78.12,87.39,3.31
327,krasnyy chikoy,0,RU,1604737120,84,50.36,108.75,23.47,8.41
328,santiago del estero,1,AR,1604737120,60,-27.8,-64.26,64.99,1.01
329,aksarka,100,RU,1604737120,99,66.56,67.8,32,4.94
330,urengoy,100,RU,1604737121,98,65.97,78.37,32.23,9.73
331,olinda,40,BR,1604737121,83,-8.01,-34.86,80.6,6.93
332,mugur-aksy,62,RU,1604737121,83,50.35,90.5,35.37,1.3
333,enumclaw,11,US,1604737121,94,47.2,-121.99,37.99,1.54
334,petropavlovsk-kamchatskiy,30,RU,1604737121,74,53.05,158.65,30.2,5.64
335,pisco,90,PE,1604736783,82,-13.7,-76.22,64.4,9.17
336,rosario do sul,6,BR,1604737121,95,-30.26,-54.91,57.45,7.47
337,mangaratiba,75,BR,1604737122,88,-22.96,-44.04,66.2,4.7
338,coria,98,ES,1604737122,94,39.99,-6.54,55,5.01
339,raton,1,US,1604736841,42,36.9,-104.44,46.4,6.93
340,san jeronimo,31,PE,1604737122,69,-11.95,-75.28,46.47,1.43
341,corn island,54,NI,1604737122,77,12.17,-83.04,81.64,12.64
342,quatre cocos,40,MU,1604736798,65,-20.21,57.76,79,13.87
343,cap malheureux,3,MU,1604737122,62,-19.98,57.61,79,13
344,alofi,3,NU,1604736811,88,-19.06,-169.92,73.4,10.29
345,suez,100,EG,1604737123,55,29.97,32.53,71.15,2.17
346,lokomotivnyy,100,RU,1604737123,83,53.01,60.57,43.09,8.88
347,luau,28,AO,1604736754,63,-10.71,22.22,80.42,3.91
348,kashima,75,JP,1604737123,93,33.11,130.09,68,2.24
349,kolomyya,90,UA,1604737123,93,48.53,25.04,46.4,2.24
351,castro,5,BR,1604736729,92,-24.79,-50.01,47.62,4.27
352,meiktila,0,MM,1604737123,67,20.87,95.87,84.38,10.69
353,zhigalovo,81,RU,1604737124,86,54.81,105.16,19.54,1.57
354,zvishavane,3,ZW,1604737124,26,-20.33,30.07,93.92,7.85
355,baturaja,100,ID,1604737124,82,-4.13,104.17,83.17,3.2
356,klaksvik,100,FO,1604736747,93,62.23,-6.59,39.2,2.24
357,bosaso,0,SO,1604736768,65,11.28,49.18,80.6,8.05
358,patawag,100,PH,1604737124,77,8.11,122.62,81.95,3.15
359,sao jose da coroa grande,16,BR,1604737124,86,-8.9,-35.15,77.41,9.31
362,aykhal,75,RU,1604737125,84,66,111.5,5,2.24
364,puerto escondido,61,MX,1604736964,75,15.85,-97.07,76.39,4.41
365,laguna,20,US,1604736761,81,38.42,-121.42,48,5.82
366,ryotsu,75,JP,1604736806,87,38.08,138.43,57.2,6.93
367,magadan,95,RU,1604737125,85,59.57,150.8,12.92,14.07
368,salalah,20,OM,1604736774,54,17.02,54.09,82.4,5.82
369,killybegs,99,IE,1604737126,92,54.63,-8.45,39,1.01
370,bilibino,90,RU,1604736800,87,68.05,166.44,2.59,5.75
371,kloulklubed,90,PW,1604737126,83,7.04,134.26,82.4,4.7
372,rudnogorsk,100,RU,1604737126,95,57.26,103.75,15.69,5.14
373,bilma,0,NE,1604737126,33,18.69,12.92,72.27,12.46
374,chifeng,3,CN,1604736789,48,42.27,118.96,42.35,19.66
376,havoysund,90,NO,1604737127,100,71,24.66,33.8,14.99
378,nanpiao,0,CN,1604737127,30,41.1,120.75,56.64,13.56
379,korla,92,CN,1604736837,69,41.76,86.15,55,1.99
380,kaduna,0,NG,1604736774,24,10.52,7.44,76.33,10.74
381,zorritos,47,PE,1604737128,79,-3.68,-80.68,66.18,1.43
382,ngunguru,34,NZ,1604737128,95,-35.62,174.5,66.99,21.99
383,along,0,IN,1604737128,32,28.17,94.77,82.31,0.83
384,meulaboh,100,ID,1604737128,77,4.14,96.13,81.5,3.09
385,parfenyevo,100,RU,1604737128,92,58.48,43.41,36.72,9.53
386,college,100,US,1604736723,96,64.86,-147.8,30,6.6
387,kavaratti,20,IN,1604736765,74,10.57,72.64,87.8,6.93
388,auki,100,SB,1604737129,76,-8.77,160.7,80.28,1.05
389,vinh,57,VN,1604737129,69,18.67,105.67,78.4,10.83
390,khipro,0,PK,1604737129,15,25.83,69.38,92.23,5.41
391,kottagudem,64,IN,1604737130,65,17.55,80.63,85.51,4.97
392,manacor,20,ES,1604737130,73,39.57,3.21,71.6,12.75
394,saint-georges,20,GD,1604736764,88,12.06,-61.75,80.6,16.11
395,riyadh,0,SA,1604736856,24,24.69,46.72,78.8,13.87
396,dongsheng,0,CN,1604737130,55,39.82,109.98,40.21,14.88
397,ternate,52,ID,1604737131,73,0.8,127.4,83.66,9.6
398,kang,1,BW,1604737131,16,-23.68,22.79,89.98,8.05
399,shingu,75,JP,1604737131,88,33.73,135.98,71.6,2.24
400,tommot,100,RU,1604737131,93,58.96,126.29,7.02,5.48
401,thinadhoo,94,MV,1604736717,66,0.53,72.93,83.57,0.87
402,iqaluit,40,CA,1604736650,70,63.75,-68.51,-2,17.22
403,dubrovnik,0,HR,1604736846,47,42.65,18.09,59,13.87
404,coari,65,BR,1604737132,87,-4.08,-63.14,74.08,2.01
405,garmsar,69,IR,1604737132,17,35.22,52.34,75.92,8.41
406,stromness,75,GB,1604736725,87,58.97,-3.3,46.4,2.24
407,celestun,3,MX,1604737132,85,20.87,-90.4,77.65,11.83
408,nhulunbuy,11,AU,1604736779,49,-12.23,136.77,89.6,9.17
409,fairbanks,100,US,1604736642,95,64.84,-147.72,30,6.17
410,santa cruz de la palma,20,ES,1604737133,55,28.68,-17.76,66.2,9.17
411,mulege,0,MX,1604737133,39,26.88,-111.98,74.75,7.18
412,pirgos,18,GR,1604737133,54,35.12,25.72,73,15.01
413,asau,7,RO,1604736744,81,46.43,26.4,48,1.68
414,sinnamary,75,GF,1604736737,89,5.38,-52.95,76.17,9.35
415,port-gentil,90,GA,1604736728,88,-0.72,8.78,80.6,3.36
416,fuling,43,CN,1604737134,55,29.7,107.39,68.22,3.44
417,hanamaki,75,JP,1604737134,93,39.38,141.12,51.8,1.12
418,tshikapa,100,CD,1604737134,72,-6.42,20.8,81.07,3.49
419,inhambane,0,MZ,1604736721,83,-23.86,35.38,84.2,16.11
421,cayenne,75,GF,1604736770,100,4.93,-52.33,75.2,7.61
422,saint anthony,1,US,1604736763,67,45.02,-93.22,62.6,13.87
423,viedma,0,AR,1604736745,93,-40.81,-63,45,5.73
424,bowen,5,AU,1604737135,51,-20.02,148.23,84.2,12.75
425,erie,20,US,1604736860,62,42.77,-78.67,57.99,5.82
426,fortuna,90,US,1604736758,93,40.6,-124.16,48,10.29
427,sao felix do xingu,100,BR,1604737136,97,-6.64,-51.99,70.97,2.39
428,frontera,0,MX,1604737136,58,26.93,-101.45,66.99,2.13
430,andapa,3,MG,1604737136,36,-14.65,49.65,86.16,5.68
431,japura,100,ID,1604737137,62,-0.32,102.35,88.54,2.91
432,bago,40,MM,1604737008,63,17.34,96.48,93.2,4.7
433,padang,100,ID,1604736807,68,-0.95,100.35,84.22,4.52
434,soyo,75,AO,1604737137,94,-6.13,12.37,77,4.7
435,changqing,0,CN,1604737137,20,36.56,116.73,72,8.81
437,kachiry,68,KZ,1604737138,41,53.07,76.1,50.74,13.27
438,imeni babushkina,100,RU,1604737138,94,59.76,43.13,35.82,9.51
439,klyuchi,19,RU,1604737138,41,52.27,79.17,52.25,12.8
440,ipixuna,40,BR,1604737138,94,-1.76,-48.8,75.2,3.36
441,taoudenni,99,ML,1604737139,15,22.68,-3.98,82.74,5.95
442,guerrero negro,26,MX,1604737139,91,27.98,-114.06,65.79,6.4
443,rorvik,75,NO,1604736972,93,64.86,11.24,46.4,16.11
444,chabahar,0,IR,1604737140,29,25.29,60.64,91.4,6.93
445,dosso,0,NE,1604737140,21,13.05,3.19,82.56,14.25
447,adrar,45,MR,1604736739,25,20.5,-10.07,80.04,9.22
448,wadi musa,100,JO,1604736781,55,30.32,35.48,59.68,1.3
449,khatassy,0,RU,1604737141,84,61.9,129.64,0.28,4.47
450,atambua,3,ID,1604737142,47,-9.11,124.89,85.84,3.56
451,manzanillo,100,CU,1604737142,92,20.34,-77.12,71.35,2.86
452,valley,1,US,1604737142,86,45.13,-116.13,45,3.36
453,coquimbo,0,CL,1604736741,93,-29.95,-71.34,53.6,2.24
454,mezen,100,RU,1604737143,87,65.85,44.24,36.61,10.31
455,ayni,81,TJ,1604737143,21,39.39,68.54,63.19,6.78
457,mbumi,98,TZ,1604737143,58,-7.91,39.21,87.24,7.05
458,bubaque,61,GW,1604736794,73,11.28,-15.83,82.89,12.35
459,mount gambier,0,AU,1604736734,51,-37.83,140.77,59,18.34
460,port macquarie,78,AU,1604737143,73,-31.43,152.92,64,1.99
461,anju,0,KP,1604737143,49,39.62,125.66,54.63,10.51
462,point pleasant,1,US,1604737144,93,40.08,-74.07,50,5.82
463,belyy yar,0,RU,1604737144,65,53.6,91.39,46.4,8.95
464,pimentel,100,PE,1604737144,90,-6.84,-79.93,60.24,9.13
466,tiarei,40,PF,1604736810,69,-17.53,-149.33,80.6,6.93
467,muisne,99,EC,1604737144,82,0.6,-80.03,74.05,3.4
468,san patricio,20,US,1604736790,93,28.02,-97.52,68,4.7
469,mount isa,71,AU,1604736740,5,-20.73,139.5,96.8,13.87
470,calatayud,100,ES,1604737145,87,41.35,-1.64,57.2,4.7
471,gamba,100,GA,1604737145,92,-2.65,10,76.37,3.98
472,loreto,51,MX,1604737145,76,22.27,-101.97,46.4,5.3
473,moron,1,AR,1604737047,87,-34.65,-58.62,66.99,3.76
474,montepuez,0,MZ,1604737145,32,-13.13,39,89.29,7.38
475,molepolole,0,BW,1604737145,37,-24.41,25.5,86,5.82
476,najran,0,SA,1604736627,22,17.49,44.13,78.8,8.05
478,aswan,7,EG,1604737146,40,24.09,32.91,75.25,10.36
479,namatanai,98,PG,1604736811,72,-3.67,152.43,81.57,6.78
483,teya,100,RU,1604737146,96,60.38,92.63,29.5,4.43
484,vestmanna,98,FO,1604736749,93,62.16,-7.17,39.2,2.24
485,ulaanbaatar,0,MN,1604737019,38,47.91,106.88,26.6,11.18
486,gushikawa,90,JP,1604737146,78,26.35,127.87,82.4,3.36
487,omboue,88,GA,1604737147,82,-1.57,9.26,80.47,9.91
489,carnarvon,90,AU,1604736749,69,-24.87,113.63,78.8,19.46
490,maragogi,36,BR,1604737147,87,-9.01,-35.22,77.16,8.95
491,rasht,75,IR,1604737147,93,37.28,49.58,66.2,6.93
492,lagoa,71,PT,1604737147,72,39.05,-27.98,61.59,32.99
493,haikou,0,CN,1604737147,51,20.05,110.34,82.4,13.42
494,lavrentiya,29,RU,1604737148,92,65.58,-171,32.94,18.14
495,uddevalla,100,SE,1604737148,93,58.35,11.94,51.01,9.17
496,haines junction,18,CA,1604737148,75,60.75,-137.51,-16.6,1.12
498,novikovo,100,RU,1604737148,80,51.15,37.89,44.17,16.37
499,caceres,76,ES,1604737148,93,39.52,-6.37,55,3
500,hirara,40,JP,1604736791,78,24.8,125.28,82.4,9.17
501,sao miguel do araguaia,100,BR,1604737148,92,-13.28,-50.16,70.97,7.18
502,batagay-alyta,18,RU,1604737149,84,67.8,130.41,-15,0.87
503,kerrville,40,US,1604737149,87,30.05,-99.14,55.99,7
504,cabatuan,100,PH,1604737149,94,10.88,122.49,74.26,4.47
505,vardo,5,NO,1604736743,77,70.37,31.11,38.5,27.65
506,san cristobal,78,VE,1604736736,89,7.77,-72.22,64.99,1.77
507,puerto cabezas,97,NI,1604737149,86,14.04,-83.39,76.8,14.54
508,homer,90,US,1604737149,100,59.64,-151.55,33.01,3.36
509,gallup,1,US,1604737150,32,35.53,-108.74,55.4,11.41
510,tawau,40,MY,1604737150,74,4.25,117.89,86,3.36
511,roald,75,NO,1604736790,81,62.58,6.13,51.8,18.34
512,sovetskiy,100,RU,1604737150,98,61.36,63.58,35.29,1.5
513,sauda,99,NO,1604737150,93,59.65,6.35,46.99,1.52
514,mendota,90,US,1604737150,76,36.75,-120.38,50,5.82
515,milkovo,1,RU,1604737150,88,54.72,158.62,27.68,4.94
516,progreso,5,MX,1604737150,94,21.28,-89.67,75.99,11.81
517,fuerte olimpo,0,PY,1604737153,42,-21.04,-57.87,73.85,4.12
518,fuxin,89,CN,1604737153,35,42.02,121.66,53.22,16.6
519,goderich,97,CA,1604736904,67,43.75,-81.72,57.2,12.75
522,kuching,40,MY,1604737154,79,1.55,110.33,84.2,2.24
523,keetmanshoop,0,NA,1604737154,19,-26.58,18.13,78.8,5.82
524,pangody,100,RU,1604737154,98,65.85,74.49,32.56,8.5
526,klaebu,75,NO,1604737154,93,63.3,10.48,48.2,18.34
527,kaeo,91,NZ,1604737155,95,-35.1,173.78,66.99,21.99
528,rovaniemi,0,FI,1604737155,86,66.5,25.72,39.2,14.99
529,regen,0,DE,1604737155,71,48.97,13.13,42.01,1.99
530,caravelas,99,BR,1604736795,95,-17.71,-39.25,70.5,1.68
531,baruun-urt,0,MN,1604737155,65,46.68,113.28,23.54,15.35
532,shubarkuduk,100,KZ,1604736720,72,49.14,56.49,45.41,14.09
533,sault sainte marie,1,CA,1604737115,87,46.52,-84.33,55.4,5.86
534,kyra,0,RU,1604737156,80,49.58,111.98,19.81,10.29
535,lixourion,0,GR,1604737156,64,38.2,20.43,68,9.17
536,salvador,40,SV,1604737156,100,13.83,-88.92,75.2,4.7
537,arlit,0,NE,1604736720,19,18.74,7.39,74.68,5.28
538,yorkton,90,CA,1604737110,92,51.22,-102.47,24.8,3.36
539,kimbe,35,PG,1604737156,79,-5.55,150.14,80.01,0.13
540,bud,1,US,1604737157,87,39.45,-86.18,55,5.01
541,touros,75,BR,1604737157,94,-5.2,-35.46,75.2,3.36
542,harper,69,LR,1604737157,83,4.38,-7.72,79.68,2.1
543,sechura,66,PE,1604737157,83,-5.56,-80.82,62.38,9.15
544,ambon,32,ID,1604737157,68,-3.7,128.18,82.98,10.16
546,hami,0,CN,1604736769,30,42.8,93.45,57.27,3.09
547,sarankhola,0,BD,1604737157,56,22.31,89.79,82.27,7.34
548,camana,26,PE,1604737158,78,-16.62,-72.71,61.77,5.44
549,mersing,40,MY,1604737026,94,2.43,103.84,78.8,3.36
550,usak,0,TR,1604737158,57,38.5,29.42,59,15.01
551,hervey bay,30,AU,1604736907,66,-25.3,152.85,73.99,3
552,lalas,0,GR,1604737158,45,37.72,21.72,68,9.17
553,hukuntsi,0,BW,1604736740,20,-24,21.75,84.67,4.47
554,muttupet,8,IN,1604737158,68,10.4,79.48,86.29,13.13
555,pierre,1,US,1604737107,75,44.37,-100.35,44.6,9.17
556,nemuro,20,JP,1604737159,67,43.32,145.57,57.2,5.82
557,coos bay,90,US,1604737159,87,43.37,-124.22,48.2,5.82
558,aksu,0,CN,1604737159,33,41.12,80.26,55.69,1.03
559,matamoros,0,MX,1604737159,65,25.53,-103.25,53.96,2.89
560,filadelfia,1,US,1604736860,93,39.95,-75.16,52,4.7
561,tangjiazhuang,0,CN,1604737160,25,39.73,118.45,61.41,17.2
562,promyshlennaya,40,RU,1604737160,97,54.92,85.64,46.58,8.95
563,vicuna,0,CL,1604736994,93,-30.03,-70.71,53.6,2.24
564,barra,70,BR,1604737160,89,-11.09,-43.14,70.7,2.82
566,sabaudia,0,IT,1604737160,82,41.3,13.03,66.99,2.62
567,sar-e pul,7,AF,1604737160,15,35.83,66.17,72.46,2.95
568,balkanabat,100,TM,1604737161,40,39.51,54.37,71.8,9.46
569,bonthe,25,SL,1604737161,87,7.53,-12.51,78.44,2.39
570,noyabrsk,100,RU,1604737161,99,63.2,75.45,33.78,8.5
571,yako,13,BF,1604737161,17,12.97,-2.27,80.74,11.5
572,portland,1,US,1604736665,86,45.52,-122.68,42.01,3.71
573,cullera,100,ES,1604737161,84,39.17,-0.25,61,5.79
574,salta,0,AR,1604736541,55,-24.79,-65.41,66.2,3.36
576,aiquile,75,BO,1604737162,69,-18.2,-65.18,57.13,1.77
578,sisophon,73,KH,1604737162,80,13.59,102.97,82.63,7.29
579,praia da vitoria,75,PT,1604736756,100,38.73,-27.07,55.99,29.1
580,marawi,100,PH,1604736779,84,8,124.29,81,4
581,nouakchott,88,MR,1604737162,47,18.09,-15.98,75.2,9.17
582,temir,79,KZ,1604737162,64,49.14,57.13,47.59,14.79
583,sao filipe,79,CV,1604736732,77,14.9,-24.5,78.66,5.84
584,nuevo progreso,76,MX,1604737163,93,23.17,-97.95,68,4.14
585,kirovskiy,0,RU,1604737163,70,45.09,133.51,39.13,5.84
586,nantucket,1,US,1604736737,93,41.28,-70.1,57.2,14.99
587,clyde river,90,CA,1604736573,78,70.47,-68.59,8.6,17.22
588,mutare,0,ZW,1604737163,27,-18.97,32.67,89.8,7.78
589,sao gabriel da cachoeira,100,BR,1604737163,97,-0.13,-67.09,74.46,0.96
590,tautira,40,PF,1604737163,69,-17.73,-149.15,80.6,6.93
591,somerset,1,US,1604737163,93,40.57,-74.55,51.01,3.71
592,vanavara,100,RU,1604737164,92,60.34,102.28,11.39,7.18
593,livingstonia,97,MW,1604737164,43,-10.61,34.11,77,4.03
594,hovd,0,MN,1604737164,61,48.01,91.64,40.55,3.15
595,abha,20,SA,1604736967,45,18.22,42.51,73.4,5.82
596,iquitos,90,PE,1604737164,94,-3.75,-73.25,73.4,2.24
597,chardara,100,KZ,1604737164,21,41.25,67.97,72.46,12.68
598,parakou,29,BJ,1604737164,46,9.34,2.63,80.69,2.33
599,tibiao,100,PH,1604737165,83,11.29,122.04,77.7,12.77
